delay,delay_avg
22406.984155403992,8.962793662161596
52579.20498396063,21.031681993584254
