server,bus1,bus2,bus3,bus4,bus5,cloud
9.321386619718309,8.662550508407984,9.51122590618333,8.522098286060695,8.559820059120119,8.812686508057537
19.21410878661086,21.60495850894456,22.730405631838266,22.00222496675017,20.858294690999404,21.53613204501457
