server,bus1,bus2,bus3,bus4,bus5,cloud
-8.574136518039737,-7.922235831415715,-8.793928244507029,-7.798327412594182,-7.868233135812331,-8.048603282462697
-18.452854154436782,-20.82200748341733,-21.9947613076551,-21.291833996843618,-20.106620419736704,-20.771823186061486
