reward,reward_accumulate
-8.228549275689884,-8.228549275689884
-20.279471529866445,-14.254010402778132
