delay,delay_avg
751.06722029842,0.75106722029842
328.273173713847,0.32827317371384696
365.7382823827172,0.3657382823827172
324.06902082663765,0.32406902082663763
298.0691637387366,0.2980691637387366
361.5275307891968,0.3615275307891968
297.879490356276,0.297879490356276
337.87777722799257,0.33787777722799256
373.22490487404787,0.37322490487404786
387.82377677738333,0.38782377677738333
