reward,reward_accumulate
-0.2529531009976312,-0.2529531009976312
-0.012108626855648697,-0.1325308639266399
-0.013685458196266176,-0.09291572868318201
-0.008271983793744993,-0.07175479246082275
-0.0064988113437347735,-0.058703596237405155
-0.00808131509884077,-0.05026654938097774
-0.006848443544978094,-0.0440639628329778
-0.006790537386341824,-0.039404784652148334
-0.008958250713293729,-0.03602183643672006
-0.008427556699374247,-0.03326240846298546
