delay,delay_avg
1.5572350909508397,0.0015587938848356754
0.020018914119311226,2.0018914119311225e-05
0.247795544689845,0.00024779554468984497
0.9459586504090067,0.0009459586504090067
3.042911618305498,0.003042911618305498
0.5715246376227685,0.0005715246376227685
