reward,reward_accumulate
-0.6698676370925292,-0.6698676370925292
-0.19876925199126563,-0.5335355198529147
-0.11607806515196627,-0.4717091102289832
-0.08423263521161943,-0.4379849786916694
-0.06658333182047799,-0.4169537918700846
-0.055622326685962675,-0.40307223593059466
