delay,delay_avg
5.136927008589329,0.005142069077666996
1.7907338016925878,0.0017907338016925878
