reward,reward_accumulate
-88.87887887887888,-88.87887887887888
-33.90745372686343,-78.32466233116558
