total_reward,mean_reward
-2210.160750968117,-0.8840643003872468
-428.1525361749031,-0.17126101446996125
-531.9478164298432,-0.2127791265719373
-424.3059514746005,-0.16972238058984018
