total_reward,mean_reward
-252.95310099763117,-0.2529531009976312
-12.108626855648694,-0.012108626855648695
-13.685458196266175,-0.013685458196266176
-8.271983793744992,-0.008271983793744992
-6.498811343734776,-0.006498811343734776
-8.081315098840768,-0.00808131509884077
-6.848443544978094,-0.006848443544978094
-6.790537386341823,-0.006790537386341823
-8.958250713293731,-0.00895825071329373
-8.427556699374243,-0.008427556699374244
