server,bus1,bus2,bus3,bus4,bus5,cloud
0.8019539951573855,1.5336363216906967,0.9566301720079425,1.2147898310854053,0.8428223286654434,1.8364784466060697,0.9271101694915266
