delay,delay_avg
2158.4603095636908,1.0792301547818455
