server,bus1,bus2,bus3,bus4,bus5,cloud
-0.37660880086091736,-0.9560634251276324,-0.3948024267709581,-0.6481142678613531,-0.370696933023999,-1.2315208738795715,-0.18246518516184895
