reward,reward_accumulate
-0.493588191473083,-0.493588191473083
