delay,delay_avg
3831.058619604131,1.5324234478416523
2210.9656895426438,0.8843862758170575
2347.1948294228396,0.9388779317691358
2205.7943693496013,0.8823177477398405
