server,bus1,bus2,bus3,bus4,bus5,cloud
1.8023070362473355,2.5693250950115427,1.1854391810791065,1.9683625704325818,1.9281157702998264,1.6728751251513019,0.9405694980694971
0.9297357758620693,0.6129064385623297,0.9466774911495595,0.9408346823238821,0.7817990903836172,0.9806616175709184,0.9187919708029201
1.0045109075043617,0.7326853240696829,1.060052397166294,0.881778875072299,0.8206987274661457,1.0707847169855045,0.9316532663316581
0.9102327586206882,0.6764370066362185,1.1191228474257295,0.7787130718952427,0.8091164213799507,0.9309105542108066,0.9094698492462311
