server,bus1,bus2,bus3,bus4,bus5,cloud
-1.1427721486588145,-2.0175326900078403,-0.5741808625181865,-1.2228344599684673,-1.3796926060327506,-1.1329642968105176,-0.23812619131243104
-0.1787641226051484,-0.06176868597703317,-0.14279462382087285,-0.14824474061614337,-0.17208536225711787,-0.23754516442814033,-0.22375133529900157
-0.23315377146743912,-0.13289368146236719,-0.23035742128559192,-0.13050786249266816,-0.18673236185221195,-0.2905870776620368,-0.2519629722719864
-0.1754062518775417,-0.07582811088600148,-0.29295169895516276,-0.08980012946674011,-0.16223344372027093,-0.14525377234118472,-0.22101260143090173
