reward,reward_accumulate
-0.8840643003872494,-0.8840643003872494
-0.17126101446996145,-0.5276626574286047
-0.21277912657193737,-0.4227014804763801
-0.16972238058983966,-0.35945670550474507
