delay,delay_avg
2175.8200392053136,1.0879100196026568
