server,bus1,bus2,bus3,bus4,bus5,cloud
1.083039719626169,1.2783357637007595,1.209917984853396,1.4359804101079408,1.3068720542400847,0.9255207062049222,0.9320373417721528
