server,bus1,bus2,bus3,bus4,bus5,cloud
-0.6500788458269663,-0.5342497656319003,-0.7268706342829904,-0.8167950779693828,-0.8658174817812305,-0.31615831762164404,-0.2153696662238404
