reward,reward_accumulate
-0.4558926212749499,-0.4558926212749499
